Products,status
"2-bromo-2-nitropropane-1,3-diol",avoid
"5-bromo-5-nitro-1,3-dioxane",avoid
accutane,avoid
adapalene,avoid
avobenzone,risky
bronopol,avoid
dbp,avoid
dehp,avoid
dep,avoid
diazolidinyl urea,avoid
dibutyl phthalate,avoid
dmdm hydantoin,avoid
formaldehyde,avoid
glycolic acid,risky
hydroquinone,avoid
hydroxymethylglycinate,avoid
imidazolidinyl urea,avoid
lactic acid,risky
lead,avoid
mercury,avoid
octinoxate,risky
oxybenzone,risky
paraben,risky
phenoxyethanol,risky
phthalates,avoid
quaternium-15,avoid
retin a,avoid
retinoic acid,avoid
retinoids,avoid
retinol,avoid
retinyl acetate,avoid
retinyl palmitate,avoid
salicylic acid,risky
toluene,avoid
tretinoin,avoid
aniseed,risky
sage,risky
basil,risky
wormwood,risky
rue,risky
mugwort,risky
oak mass,risky
tarragon,risky
birch,risky
hyssop,risky
camphor,risky
parsley,risky
pennyroyal,risky
tansy,risky
thuja,risky
wintergreen,risky
